{
  "generatedAt": "2026-05-27T02:23:19.928Z",
  "normParams": {
    "mean": [
      1.1358333333333333,
      8.319106143460543,
      0.6271816659822148,
      1.7003519552381043,
      1.0079166666666666,
      4.5095531702016975,
      9.58443437951625
    ],
    "std": [
      1.1675684015175336,
      3.5804039099462126,
      0.12188660107068695,
      1.2848038725719535,
      1.1552145513809073,
      0.5571489501784078,
      4.100634847553858
    ]
  },
  "featureNames": [
    "burstWindowCount",
    "ccEventsPerMinute",
    "tunnelScore",
    "peakBurstScore",
    "criticalOrExposedBurstWindows",
    "durationSeconds",
    "ownTeamCCPerMin"
  ],
  "centroids": [
    [
      -0.6923345580145293,
      -0.7279743497028155,
      0.4588641693526609,
      -0.7279798922202112,
      -0.6497552547697286,
      -1.9049414802930988,
      1.904620895230778
    ],
    [
      -0.9728195212006776,
      -0.09683623429392128,
      -0.30039551355763655,
      -1.3234330869771604,
      -0.8724930494182549,
      0.3928324160380157,
      0.0059412191122219455
    ],
    [
      0.9722725474365235,
      0.01740291396043615,
      0.4578106922208767,
      0.7104277323154538,
      0.8480002896191864,
      0.6554660165189268,
      0.03141524467454505
    ],
    [
      -0.7241637848277038,
      -0.8632755584620648,
      -0.03331805878035574,
      -0.8392829964850498,
      -0.7607975570871737,
      -1.4204188224619583,
      -0.904517250068737
    ],
    [
      -0.0018231034297623338,
      -0.43178570090286883,
      -0.7240143579726885,
      0.5314982965815358,
      -0.006852983852396302,
      0.36348306448473144,
      -0.37349531145788434
    ],
    [
      -0.08998539394141404,
      0.05892046661238192,
      1.108112575934364,
      0.44893448458416985,
      -0.1400283785548363,
      -0.056914365256280346,
      -0.14278025153658264
    ],
    [
      2.350326253348386,
      0.45291458358728853,
      -0.21603936709193164,
      1.0540109541849971,
      2.434252001043314,
      1.0410979374663587,
      -0.06615547955328469
    ],
    [
      -0.0004239472976728055,
      1.391021319573997,
      -0.7366924719518093,
      0.5519922693324423,
      -0.026378699617039553,
      -0.5118087869138699,
      0.12200659632038265
    ]
  ]
}
