{
  "generatedAt": "2026-05-27T02:23:21.991Z",
  "normParams": {
    "mean": [
      1.5944289693593314,
      9.36686439871713,
      0.5789226710610691,
      1.9168675871150653,
      1.3944289693593315,
      4.931168896338779,
      8.669148661347904
    ],
    "std": [
      1.6800889168825406,
      3.3632576036287944,
      0.11751003721505614,
      1.2515907374977655,
      1.584525497666128,
      0.6708431349517934,
      3.146046316998094
    ]
  },
  "featureNames": [
    "burstWindowCount",
    "ccEventsPerMinute",
    "tunnelScore",
    "peakBurstScore",
    "criticalOrExposedBurstWindows",
    "durationSeconds",
    "ownTeamCCPerMin"
  ],
  "centroids": [
    [
      -0.14900577305067547,
      -0.41375508157024593,
      -0.428266849032131,
      0.4517586960517147,
      -0.17427892443106976,
      -0.3611211951521302,
      0.9864203881933038
    ],
    [
      -0.17205032360960534,
      1.0312464007891902,
      -0.47556877198949626,
      0.4774466325194304,
      -0.2044518508403801,
      -0.4275730550136637,
      -0.8172555357737994
    ],
    [
      -0.921836251248237,
      0.4484210973939885,
      -0.7302616234945785,
      -1.4837634282934717,
      -0.8685023568277455,
      -0.005194516123716388,
      -0.1862176340872959
    ],
    [
      0.04609638803187393,
      -0.232173060513224,
      1.0820508378058724,
      0.5190562940808952,
      0.03901548490808487,
      0.14038195459507394,
      -0.022519756537180156
    ],
    [
      2.803621217942891,
      0.31466285798664756,
      0.1330896213701404,
      0.8953027809507519,
      2.7743619320685378,
      1.2106825586248569,
      0.08559096609332356
    ],
    [
      0.8948318761525988,
      -0.18659001726866223,
      -0.39656764591819055,
      0.7289232001277289,
      0.8783720531784746,
      0.8004652580538658,
      0.00542887321970668
    ],
    [
      -0.7884033316378726,
      -1.2656108294668738,
      0.3691956248688533,
      -1.132570478720495,
      -0.7598191260768367,
      -1.5320869609927867,
      -0.5310179764141665
    ],
    [
      -0.9420936275917612,
      -0.22009529913812717,
      0.7199801376532339,
      -1.523019249506615,
      -0.8763601582406065,
      0.17080136400463158,
      0.42291680169426543
    ]
  ]
}
